<?xml version="1.0" encoding="UTF-8"?>
<bom xmlns="http://cyclonedx.org/schema/bom/1.5" version="1" serialNumber="urn:uuid:f5ec192c-5d91-3f74-9c3e-a7b8b18134be">
  <metadata>
    <tools>
      <tool>
        <vendor>OWASP Foundation</vendor>
        <name>CycloneDX Maven plugin</name>
        <version>2.7.10</version>
        <hashes>
          <hash alg="MD5">1cc7f6a0382f8bb2f758d6a6ea401d1b</hash>
          <hash alg="SHA-1">a4297947a1f2d7d453105db542651614bbd37f38</hash>
          <hash alg="SHA-256">bd0fdd8f2f2116eee5e715aeac1580f19eb7a10ec2b6f805b53567067658e872</hash>
          <hash alg="SHA-512">9cde8352a427e10b96cae01348fc7cfe5d4aa9cd0a5e5dd93b414ce3bb7d112993c3b3004e53af52567fbfa16de0704ec59a5556a635ad70571fd124ae389f39</hash>
          <hash alg="SHA-384">93d7bf5b5c735347edfbfbd66810273ca840f9a322b816d22d44c3d8e8255c09e86570bb23712aeb0cade0f478be5aeb</hash>
          <hash alg="SHA3-384">4467f16e9ca32190a6e49c65339eb28ee5e8c78f4e918fcf95128a4b7648898de56ccb43eacfad0c9391ef8cdb7d629a</hash>
          <hash alg="SHA3-256">ed2996c99b483e969221d5e9a40f562ea2ab85442d361d72a90e85266a3ed781</hash>
          <hash alg="SHA3-512">c8e6ea9ddc38edc77e284b3bf541663e84752bdc59ed1935799847a48a14ea2fa531b61008fefcba37d732a56702a11ac112437b9b80d18f4ecc8ef0ecfb32cf</hash>
        </hashes>
      </tool>
    </tools>
    <component type="library" bom-ref="pkg:maven/org.apache.logging.log4j/log4j-spring-boot@2.23.0?type=jar">
      <publisher>The Apache Software Foundation</publisher>
      <group>org.apache.logging.log4j</group>
      <name>log4j-spring-boot</name>
      <version>2.23.0</version>
      <description>Apache Log4j Spring Boot Support</description>
      <licenses>
        <license>
          <id>Apache-2.0</id>
          <url>https://www.apache.org/licenses/LICENSE-2.0</url>
        </license>
      </licenses>
      <purl>pkg:maven/org.apache.logging.log4j/log4j-spring-boot@2.23.0?type=jar</purl>
      <externalReferences>
        <reference type="website">
          <url>https://logging.apache.org/log4j/2.x/</url>
        </reference>
        <reference type="build-system">
          <url>https://github.com/apache/logging-log4j2/actions</url>
        </reference>
        <reference type="distribution">
          <url>https://logging.apache.org/log4j/2.x/download.html</url>
        </reference>
        <reference type="issue-tracker">
          <url>https://github.com/apache/logging-log4j2/issues</url>
        </reference>
        <reference type="mailing-list">
          <url>https://lists.apache.org/list.html?log4j-user@logging.apache.org</url>
        </reference>
        <reference type="vcs">
          <url>https://github.com/apache/logging-log4j2</url>
        </reference>
        <reference type="vulnerability-assertion">
          <url>https://logging.apache.org/cyclonedx/vdr.xml</url>
        </reference>
      </externalReferences>
    </component>
    <properties>
      <property name="maven.goal">makeBom</property>
      <property name="maven.scopes">compile,provided,runtime,system</property>
      <property name="cdx:reproducible">enabled</property>
    </properties>
  </metadata>
  <components>
    <component type="library" bom-ref="pkg:maven/org.apache.logging.log4j/log4j-api@2.23.0?type=jar">
      <publisher>The Apache Software Foundation</publisher>
      <group>org.apache.logging.log4j</group>
      <name>log4j-api</name>
      <version>2.23.0</version>
      <description>The Apache Log4j API</description>
      <scope>required</scope>
      <hashes>
        <hash alg="MD5">a548aa8b827a461842f7602384d36822</hash>
        <hash alg="SHA-1">10741ddf9effd8e04d568148c2948a22f3f4cc73</hash>
        <hash alg="SHA-256">ff1a58a39df66d55534de744eb97225d4f7665482e73988a496681f5f2744938</hash>
        <hash alg="SHA-512">6c73eb1471d6326e4c425a7323d1603091585bd0234a4ff50927201246df7c6195120b44871f561855311f8fead64c1bfa5a17c62835d9dcb87cfee7e476bdc8</hash>
        <hash alg="SHA-384">3f7de5b1fb81bc1c77681a57d7a8d6c523be976c4a0e00d1affc004c256ca31d640d503db16742ce7b47f03b8020c259</hash>
        <hash alg="SHA3-384">753a226987b7c6e7e1bd46d0c0f3f924849f85924d68fab4cf3977221ef5defa3fe54b3190f60b7d2ba7ba02d6fd99ec</hash>
        <hash alg="SHA3-256">e55aca35b5b6f1ebfd9c6f716d50cdcc2c0d37d272e884fed4ff00f8a337df06</hash>
        <hash alg="SHA3-512">565ec771816c7c020ca09f9eae05f7b7d0e545ee7a17ac2cc32709d65aafeeaee4550d1db4f4896e5ce312eb5c71b66eb683691cb4e38ed92ea8034fbe36b788</hash>
      </hashes>
      <licenses>
        <license>
          <id>Apache-2.0</id>
          <url>https://www.apache.org/licenses/LICENSE-2.0</url>
        </license>
      </licenses>
      <purl>pkg:maven/org.apache.logging.log4j/log4j-api@2.23.0?type=jar</purl>
      <externalReferences>
        <reference type="website">
          <url>https://logging.apache.org/log4j/2.x/log4j/log4j-api/</url>
        </reference>
        <reference type="build-system">
          <url>https://github.com/apache/logging-log4j2/actions</url>
        </reference>
        <reference type="distribution">
          <url>https://logging.apache.org/logging-parent/latest/#distribution</url>
        </reference>
        <reference type="issue-tracker">
          <url>https://github.com/apache/logging-log4j2/issues</url>
        </reference>
        <reference type="mailing-list">
          <url>https://lists.apache.org/list.html?log4j-user@logging.apache.org</url>
        </reference>
        <reference type="vcs">
          <url>https://github.com/apache/logging-log4j2</url>
        </reference>
        <reference type="vulnerability-assertion">
          <url>https://logging.apache.org/cyclonedx/vdr.xml</url>
        </reference>
      </externalReferences>
    </component>
    <component type="library" bom-ref="pkg:maven/org.apache.logging.log4j/log4j-core@2.23.0?type=jar">
      <publisher>The Apache Software Foundation</publisher>
      <group>org.apache.logging.log4j</group>
      <name>log4j-core</name>
      <version>2.23.0</version>
      <description>The Apache Log4j Implementation</description>
      <scope>required</scope>
      <hashes>
        <hash alg="MD5">d771856ad69fd530e42778a4d18b2d32</hash>
        <hash alg="SHA-1">fe82862c4294275ed64623e8b04946e3c4cb658a</hash>
        <hash alg="SHA-256">0fef441ee938719f635db7ef21ad5b1ddf7d5bf8f5abf5eca8f29c3f432681db</hash>
        <hash alg="SHA-512">4e9c09c14a6880d888412fa3393c1fa110af66c1e496f790a2c6ba34960f5fccbfc4d040b318277caac42f013a902cd4e6f6e1419009262d44cc0f40533fc168</hash>
        <hash alg="SHA-384">783b12e5f9e13a679a1f614013170c3714d871e0995907b83627c0af250eab87f6136ad703bea7a4a8de79271416442d</hash>
        <hash alg="SHA3-384">54ee52c425879340de6072a2338f647e5a2f08f17a7bf31b3c8935ba58a7b3396e7354ea4384f6b44d05b00e66c0fcd8</hash>
        <hash alg="SHA3-256">a9badf42bc4be88f615038c9d1ca7f4b8562c97c28976f108fd5feffd9a6e108</hash>
        <hash alg="SHA3-512">8e61ca880b96195f3c9188a022560b8f2d041bdc09fdc892cf671f707a13b8895ed1bb5aba2a0cdeabb6807e8e7a12318314d183559c50fba2241e8ac39e0cda</hash>
      </hashes>
      <licenses>
        <license>
          <id>Apache-2.0</id>
          <url>https://www.apache.org/licenses/LICENSE-2.0</url>
        </license>
      </licenses>
      <purl>pkg:maven/org.apache.logging.log4j/log4j-core@2.23.0?type=jar</purl>
      <externalReferences>
        <reference type="website">
          <url>https://logging.apache.org/log4j/2.x/log4j/log4j-core/</url>
        </reference>
        <reference type="build-system">
          <url>https://github.com/apache/logging-log4j2/actions</url>
        </reference>
        <reference type="distribution">
          <url>https://logging.apache.org/logging-parent/latest/#distribution</url>
        </reference>
        <reference type="issue-tracker">
          <url>https://github.com/apache/logging-log4j2/issues</url>
        </reference>
        <reference type="mailing-list">
          <url>https://lists.apache.org/list.html?log4j-user@logging.apache.org</url>
        </reference>
        <reference type="vcs">
          <url>https://github.com/apache/logging-log4j2</url>
        </reference>
        <reference type="vulnerability-assertion">
          <url>https://logging.apache.org/cyclonedx/vdr.xml</url>
        </reference>
      </externalReferences>
    </component>
    <component type="library" bom-ref="pkg:maven/org.springframework.boot/spring-boot@2.7.18?type=jar">
      <publisher>VMware, Inc.</publisher>
      <group>org.springframework.boot</group>
      <name>spring-boot</name>
      <version>2.7.18</version>
      <description>Spring Boot</description>
      <scope>required</scope>
      <hashes>
        <hash alg="MD5">0941c83c25204150f8bd73ae66c63fd1</hash>
        <hash alg="SHA-1">f6dbdd8da7c2bded63dff9b1f48d01a4923f20a0</hash>
        <hash alg="SHA-256">530f4e0fdfeb3a0e2b3a369d15cdea38fbdc1696f8b030c35a6ad65c27524950</hash>
        <hash alg="SHA-512">ff249cbcb7f240e6a03367ceb40a38aeb3584f79f62dc1e4713d6c024cd18c7870b370494f48aeb3b6f6dcaccf23057b5d5cba62eafba9128794f847c83a22be</hash>
        <hash alg="SHA-384">4cc8d00c03f85861c0f6fb5680c19771f7efba7cddfbe70bbccf8a510fad2bacd712658c3d9ef082903b3591a1acd41a</hash>
        <hash alg="SHA3-384">e0c92b1e87cb796b1c4f7215900b09926997995a2d716113194453167afa3fa6e9080d70b5a46255771d768a7a8b0929</hash>
        <hash alg="SHA3-256">a28d520293ac7bc6f04ed1b79818773b26e51fe954d3d3afee43bef4a91fe0c5</hash>
        <hash alg="SHA3-512">5c64fcb9758bc62a2c56f6067ff6e25eff045c83edd9c31ede00d928146c95d17da733b31a59a5f9b199224db26ae1e9008248bc39ecaa55ef770290c389db3e</hash>
      </hashes>
      <licenses>
        <license>
          <id>Apache-2.0</id>
        </license>
      </licenses>
      <purl>pkg:maven/org.springframework.boot/spring-boot@2.7.18?type=jar</purl>
      <externalReferences>
        <reference type="website">
          <url>https://spring.io/projects/spring-boot</url>
        </reference>
        <reference type="issue-tracker">
          <url>https://github.com/spring-projects/spring-boot/issues</url>
        </reference>
        <reference type="vcs">
          <url>https://github.com/spring-projects/spring-boot</url>
        </reference>
      </externalReferences>
    </component>
    <component type="library" bom-ref="pkg:maven/org.springframework/spring-context@5.3.32?type=jar">
      <publisher>Spring IO</publisher>
      <group>org.springframework</group>
      <name>spring-context</name>
      <version>5.3.32</version>
      <description>Spring Context</description>
      <scope>required</scope>
      <hashes>
        <hash alg="MD5">a26554b4b6b0c97a06c6b7787743a905</hash>
        <hash alg="SHA-1">eced4842ef45bbd4a91c529016cce4ef82f2108f</hash>
        <hash alg="SHA-256">dfd80477b59e6461a9a1aefc64cfd830737721468260d8ccfdec0979fe9adfa6</hash>
        <hash alg="SHA-512">599e3136e829dafb4f8c1b616c4d0ce85eec1cf598cda15d34c1809046c27615544db869a90a6a18b96500ebc6127d0d3e4fc269b146ee14c23a00a6b798e5f9</hash>
        <hash alg="SHA-384">7b61aabb116a8b061ae62337043b1851df17bd3c8220798d859ce7f16929ff022329a67904455169e0a7a32938a43ab3</hash>
        <hash alg="SHA3-384">812e25b09814b0c5ebfa23abbfe90890354843911bb4710085c4317f2933087e96a6c7ac0779ed4fcc633dbb777393b9</hash>
        <hash alg="SHA3-256">c54859452e9234872a203534696fdc28093d5224114ff6e23da3ea66249f93f8</hash>
        <hash alg="SHA3-512">1b1810296af79df81a5a02a0b4b5b3c4f9dab702a70cf0d5cd9edfd4b96df7e8552ab5bdf5be18a1af1920f05e1f11d35ef9072f9db82e78ca3292fb43c2c337</hash>
      </hashes>
      <licenses>
        <license>
          <id>Apache-2.0</id>
        </license>
      </licenses>
      <purl>pkg:maven/org.springframework/spring-context@5.3.32?type=jar</purl>
      <externalReferences>
        <reference type="website">
          <url>https://github.com/spring-projects/spring-framework</url>
        </reference>
        <reference type="issue-tracker">
          <url>https://github.com/spring-projects/spring-framework/issues</url>
        </reference>
        <reference type="vcs">
          <url>https://github.com/spring-projects/spring-framework</url>
        </reference>
      </externalReferences>
    </component>
    <component type="library" bom-ref="pkg:maven/org.springframework/spring-aop@5.3.32?type=jar">
      <publisher>Spring IO</publisher>
      <group>org.springframework</group>
      <name>spring-aop</name>
      <version>5.3.32</version>
      <description>Spring AOP</description>
      <scope>required</scope>
      <hashes>
        <hash alg="MD5">868e64200c5fd24136056a0a397e5284</hash>
        <hash alg="SHA-1">debd4561bf74aa5020017ffab6dd766b3ff4585d</hash>
        <hash alg="SHA-256">5c073d3845525bc7ec42a4bad87638dd01f9afb11c02f1e725ca0b7fe4840cb7</hash>
        <hash alg="SHA-512">dfa4f1ecd3fe588cd0bcc149b36fbdd17fc94c74f94a8d612624be4430c79324389e34137defdc01c0eb2b2abfd6b64cc9010ae31aa4df82ca9a12ba39a640e3</hash>
        <hash alg="SHA-384">6c2f58e5e7faece5ce670e66f3f2de44f31915450829feb96cffc82ac812489b33f2c73fb5533fe5bacb081b24b54f64</hash>
        <hash alg="SHA3-384">9b8223d1e25ca3b9bbb612d0e6f5881665de7de433e152fbaf07d83eb8b71bc286293c1b150e46c80b7e649597fb4290</hash>
        <hash alg="SHA3-256">c5af42ea406007b927fd0649d26cbd70bc1e5cee937aa86b0231ba5a0eb2b9b4</hash>
        <hash alg="SHA3-512">f444c326b02d211c992453c999cf23e4c71180c5699f6e25e90ec7c36d6209b66f14a3ad35b8f8fd7a9f55d16ddcd9a4ee78b5c0abe0b83ecb21a72f0113a097</hash>
      </hashes>
      <licenses>
        <license>
          <id>Apache-2.0</id>
        </license>
      </licenses>
      <purl>pkg:maven/org.springframework/spring-aop@5.3.32?type=jar</purl>
      <externalReferences>
        <reference type="website">
          <url>https://github.com/spring-projects/spring-framework</url>
        </reference>
        <reference type="issue-tracker">
          <url>https://github.com/spring-projects/spring-framework/issues</url>
        </reference>
        <reference type="vcs">
          <url>https://github.com/spring-projects/spring-framework</url>
        </reference>
      </externalReferences>
    </component>
    <component type="library" bom-ref="pkg:maven/org.springframework/spring-beans@5.3.32?type=jar">
      <publisher>Spring IO</publisher>
      <group>org.springframework</group>
      <name>spring-beans</name>
      <version>5.3.32</version>
      <description>Spring Beans</description>
      <scope>required</scope>
      <hashes>
        <hash alg="MD5">26ab7195f3c29751545eb317dcc50ffc</hash>
        <hash alg="SHA-1">71a4d51820d614f6f72d379493c0f32657974c59</hash>
        <hash alg="SHA-256">0d664fd9090b43854899669768def68e80d1aa83ccf9e3608964dd286cf0812d</hash>
        <hash alg="SHA-512">9ae605e8e5b6dfcb6d8bb8ca1f00b7a5e7a72959d3fd6e59e9449c4478b6972297269cbad0adc2ae917da4e1edaa8d1d1b4a562cb92943d495bdcbccbfce34dc</hash>
        <hash alg="SHA-384">788f6987313c6f46c0276b5a06e99b7779970323309481488646322da4cbaf14099f5b454dad6676f37efd9ecd9dd11b</hash>
        <hash alg="SHA3-384">62fdb508bf13182a86e8171d7c71f3df18af48f5db75038d469ee76d8f2755ebbdcd7510144f80d40281eb9b6fefb69b</hash>
        <hash alg="SHA3-256">23ca6e8ff094a1c505fc005cd3f5e0724a0e1bfb5c51b1cbe46c024383442e5c</hash>
        <hash alg="SHA3-512">701b2302de779a6d1b94e0f7430e79aebba99b945560ce74aa3090de2cf1ee79af38410a26e50a6b15f85bbf2aba7ff4ec750aa8da3acae492ffc8c0cb593dab</hash>
      </hashes>
      <licenses>
        <license>
          <id>Apache-2.0</id>
        </license>
      </licenses>
      <purl>pkg:maven/org.springframework/spring-beans@5.3.32?type=jar</purl>
      <externalReferences>
        <reference type="website">
          <url>https://github.com/spring-projects/spring-framework</url>
        </reference>
        <reference type="issue-tracker">
          <url>https://github.com/spring-projects/spring-framework/issues</url>
        </reference>
        <reference type="vcs">
          <url>https://github.com/spring-projects/spring-framework</url>
        </reference>
      </externalReferences>
    </component>
    <component type="library" bom-ref="pkg:maven/org.springframework/spring-expression@5.3.32?type=jar">
      <publisher>Spring IO</publisher>
      <group>org.springframework</group>
      <name>spring-expression</name>
      <version>5.3.32</version>
      <description>Spring Expression Language (SpEL)</description>
      <scope>required</scope>
      <hashes>
        <hash alg="MD5">8b525e2a52579369d03bfe5c64966913</hash>
        <hash alg="SHA-1">473a4af30a7421917d83bda2d0fd32571b9e4a70</hash>
        <hash alg="SHA-256">85a862fada2e43096b96a9ba912d712c0b9de84d6d29a8629644e7bd80386a92</hash>
        <hash alg="SHA-512">392c3cead5ca2a97225cc251a75add593c8108e5fe1e21798749abe0b9e89cce5347b3d2f5938f88b379b458b5f3748c04c947de26c2ad35d15383291b57cc62</hash>
        <hash alg="SHA-384">97463b2f73e1b30e858f4276dc9091a0e7abec1b544722ceb0acecdd07013559bbc7b8feaad106a0b295d8878fa3e45a</hash>
        <hash alg="SHA3-384">5cdcf4fd423d6bfb8c70a0abcf998652ce9ec32d8710b55c849196cd0432458243a603127908312d852470b237313aff</hash>
        <hash alg="SHA3-256">8b9c3d6a72e2e080ad5244fbe03ca495748e9294474cbd13a78f7944463252bc</hash>
        <hash alg="SHA3-512">ef52d6daf22a661ece0b4f5dc3020e9b792ccb8537649a87c6620b12f03289a47327a4271b38e825a2f56c7d0dc019d076f2a11ac124dc9642ec622a33374f61</hash>
      </hashes>
      <licenses>
        <license>
          <id>Apache-2.0</id>
        </license>
      </licenses>
      <purl>pkg:maven/org.springframework/spring-expression@5.3.32?type=jar</purl>
      <externalReferences>
        <reference type="website">
          <url>https://github.com/spring-projects/spring-framework</url>
        </reference>
        <reference type="issue-tracker">
          <url>https://github.com/spring-projects/spring-framework/issues</url>
        </reference>
        <reference type="vcs">
          <url>https://github.com/spring-projects/spring-framework</url>
        </reference>
      </externalReferences>
    </component>
    <component type="library" bom-ref="pkg:maven/org.springframework/spring-core@5.3.32?type=jar">
      <publisher>Spring IO</publisher>
      <group>org.springframework</group>
      <name>spring-core</name>
      <version>5.3.32</version>
      <description>Spring Core</description>
      <scope>required</scope>
      <hashes>
        <hash alg="MD5">de057df922d1f52cb028515d74c61b38</hash>
        <hash alg="SHA-1">50eca89542c407395a58c72097a6cc17b28e718a</hash>
        <hash alg="SHA-256">e2ac75fd816e2c0c058a737cf66f869b0adf5a2747e58fd85dac98fbd4292f10</hash>
        <hash alg="SHA-512">88d7f38991c0182e008618e684efae4a799c229ef41b1642164752e40f91677ce52242de5b5cb655f16ee27c46f8f43265a6543a5709ffe461afaa724b23dda5</hash>
        <hash alg="SHA-384">cb62ebca6b8142769885acc17a5a3bb17f2bb33629c26ced4169a0def26d6da3276da30acbb7dcbabd4fb4e509ca4044</hash>
        <hash alg="SHA3-384">3060281483d9f58ecbf1919aa955e62896d73f1046ff944e07ed2ec2fdb4bbafb740fd81f949f97414ddf68da2fc2e72</hash>
        <hash alg="SHA3-256">4efd26a8c6f4453666e2285be2d2bebc3fde18467ad40397ece69a82064199aa</hash>
        <hash alg="SHA3-512">121cb87987ef6ab820ec0c23b790e254dd98812bbeb89ca173e5154a4a3d5eff0ec9b91e457344fd31642e8da572defb890880f93fb6fdd3f56cef98b2352695</hash>
      </hashes>
      <licenses>
        <license>
          <id>Apache-2.0</id>
        </license>
      </licenses>
      <purl>pkg:maven/org.springframework/spring-core@5.3.32?type=jar</purl>
      <externalReferences>
        <reference type="website">
          <url>https://github.com/spring-projects/spring-framework</url>
        </reference>
        <reference type="issue-tracker">
          <url>https://github.com/spring-projects/spring-framework/issues</url>
        </reference>
        <reference type="vcs">
          <url>https://github.com/spring-projects/spring-framework</url>
        </reference>
      </externalReferences>
    </component>
    <component type="library" bom-ref="pkg:maven/biz.aQute.bnd/biz.aQute.bnd.annotation@7.0.0?type=jar">
      <publisher>Bndtools</publisher>
      <group>biz.aQute.bnd</group>
      <name>biz.aQute.bnd.annotation</name>
      <version>7.0.0</version>
      <description>bnd Annotations Library</description>
      <scope>required</scope>
      <hashes>
        <hash alg="MD5">0339bd011cf13131841417c0de7452f5</hash>
        <hash alg="SHA-1">8ad279ebf0d04ea89c5ce4d934189d0d16bb6d50</hash>
        <hash alg="SHA-256">a0090390963dd2092f8abb6d76092bab1696494d2e31b127f5b1b2bf29c08638</hash>
        <hash alg="SHA-512">6e96cffe60466e9bd5730c93686a6ae252958be6202ba07d235239f0033b9a1cc53faad327ddaebab9eab30825b881acc6296777851028c7fad5668cbbe99c81</hash>
        <hash alg="SHA-384">f51cd44911333bf7c2f58bdf7440062c138005c8332be3bf69b0ab0d9d93af4d1e1dde3a4eae5bfae92e835b70e6f561</hash>
        <hash alg="SHA3-384">7e93113ee29b6fbed02fbeac096582476b0b7c04703a54ecf0c3c89cab6fff06bc486d072c78f5a19e2c7da1c603b9d2</hash>
        <hash alg="SHA3-256">e0a35d4ec2afe652ef58a37a9f2491349527e86c7a1b37d13436fdfef77f32b2</hash>
        <hash alg="SHA3-512">62783affe413b5419c08008094a43e63712c65d6e4a0cd345e58e1a7c66dc32a08f2e68852d14641d30da31d665091c19571809145f769480cb0b80e0ad003e9</hash>
      </hashes>
      <licenses>
        <license>
          <name>(Apache-2.0 OR EPL-2.0)</name>
          <url>https://opensource.org/licenses/Apache-2.0,https://opensource.org/licenses/EPL-2.0</url>
        </license>
      </licenses>
      <purl>pkg:maven/biz.aQute.bnd/biz.aQute.bnd.annotation@7.0.0?type=jar</purl>
      <externalReferences>
        <reference type="website">
          <url>https://bnd.bndtools.org/</url>
        </reference>
        <reference type="vcs">
          <url>https://github.com/bndtools/bnd</url>
        </reference>
      </externalReferences>
    </component>
    <component type="library" bom-ref="pkg:maven/org.osgi/org.osgi.resource@1.0.0?type=jar">
      <publisher>OSGi Alliance</publisher>
      <group>org.osgi</group>
      <name>org.osgi.resource</name>
      <version>1.0.0</version>
      <description>OSGi Companion Code for org.osgi.resource Version 1.0.0.</description>
      <scope>required</scope>
      <hashes>
        <hash alg="MD5">7d857a4203e2996fab0cf070133e43df</hash>
        <hash alg="SHA-1">343c88949132984b3f2d4175a72c40b77dc65619</hash>
        <hash alg="SHA-256">81fc50f1f1d38a4af28e131907d4afe213249aab05060484edca0e60c4af9b4a</hash>
        <hash alg="SHA-512">4e798790856f83f50832db80bfab64dfceeff1c509d7dde43e74a9f9192ea7a7d5ea77b9b1e81291fa6ba3dcef5ab8fa791ca8093a72a08d7ca6f6499e13e506</hash>
        <hash alg="SHA-384">73038c395166552b64b6b5469bd8056584f48d19b5762df2e8bd2770405ed8f6071e397a87d9a7ed39f8c2e0e8ab85b2</hash>
        <hash alg="SHA3-384">e06c8a460b3bf06d6cb22237aeffa6afd2eadd9461096c67b768a14603ad8aaa88f891d03cf0a273a99d86906c1c8eb3</hash>
        <hash alg="SHA3-256">1097cfd20e80ce368fd828a23ad7c32a202cebd92106f6ebb88ba55ca74349ee</hash>
        <hash alg="SHA3-512">d7b710e1e0484badb875f326c602c90df6705df48b0f057320919a5255d3ecbddd7053eabc68787480a70aebd7e553e9f51728112e1fa0846c849366b7e8d69b</hash>
      </hashes>
      <licenses>
        <license>
          <id>Apache-2.0</id>
        </license>
      </licenses>
      <purl>pkg:maven/org.osgi/org.osgi.resource@1.0.0?type=jar</purl>
      <externalReferences>
        <reference type="website">
          <url>http://www.osgi.org/</url>
        </reference>
        <reference type="vcs">
          <url>https://osgi.org/git/build.git</url>
        </reference>
      </externalReferences>
    </component>
    <component type="library" bom-ref="pkg:maven/org.osgi/org.osgi.service.serviceloader@1.0.0?type=jar">
      <publisher>OSGi Alliance</publisher>
      <group>org.osgi</group>
      <name>org.osgi.service.serviceloader</name>
      <version>1.0.0</version>
      <description>OSGi Companion Code for org.osgi.service.serviceloader Version 1.0.0.</description>
      <scope>required</scope>
      <hashes>
        <hash alg="MD5">4943f0102a6d893c4dd77f369a5f0537</hash>
        <hash alg="SHA-1">3728ff37909c6a3c1870b3e851342d9f2bd3cc63</hash>
        <hash alg="SHA-256">8f876ce2a9aa4e95b1f1952950255103e2487425050a654f3285447ba601c154</hash>
        <hash alg="SHA-512">a7def4cb7a8ed992645faa80a780e0b30bd39c1587b5bcb65fe170d10842d0d880c2849edd50c64807fe0e4b9cc0051337d1b161d0d390465d9e63a762861c49</hash>
        <hash alg="SHA-384">1e480694b8a541da4cd1e044d3f3ea3cd55152515ac022b80d865b6654242506c2138daabb4e71c30d36b12b9aaf676d</hash>
        <hash alg="SHA3-384">7f076af200ae9c2bd9f235b949aee01a1a758c8aac10fee8b98ec2497197d2029117d5627eb0eabd9b42979eb1baa009</hash>
        <hash alg="SHA3-256">83b1dce69c4c899176eb6e368e434ecb77dfed7c436530b8c5d08b9b6f2430aa</hash>
        <hash alg="SHA3-512">5debde53a7ead231dcd907467d59728f59cae4eb3b967c19808f78890bd97d2f04657cad9c093e88f9818338b0b3b38a57c66400ebcff61fbb26d18e9f7bf8ed</hash>
      </hashes>
      <licenses>
        <license>
          <id>Apache-2.0</id>
        </license>
      </licenses>
      <purl>pkg:maven/org.osgi/org.osgi.service.serviceloader@1.0.0?type=jar</purl>
      <externalReferences>
        <reference type="website">
          <url>http://www.osgi.org/</url>
        </reference>
        <reference type="vcs">
          <url>https://osgi.org/git/build.git</url>
        </reference>
      </externalReferences>
    </component>
    <component type="library" bom-ref="pkg:maven/com.google.errorprone/error_prone_annotations@2.24.1?type=jar">
      <publisher>Google LLC</publisher>
      <group>com.google.errorprone</group>
      <name>error_prone_annotations</name>
      <version>2.24.1</version>
      <description>Error Prone is a static analysis tool for Java that catches common programming mistakes at compile-time.</description>
      <scope>required</scope>
      <hashes>
        <hash alg="MD5">345bbebec9b3c68d2638c0f6809436dc</hash>
        <hash alg="SHA-1">32b299e45105aa9b0df8279c74dc1edfcf313ff0</hash>
        <hash alg="SHA-256">19fe2f7155d20ea093168527999da98108103ee546d1e8b726bc4b27c31a3c30</hash>
        <hash alg="SHA-512">75a8d055b90fc2be2198d8502299b5e4f08a81d87b15334a788a719e155f006b23c3648a4574be831de932db212593a2b004584948c394adb8272ed7d5844c94</hash>
        <hash alg="SHA-384">b474fabb3ed301583358187787cb89161d4ea3a5e46d66aaf4317bfa74cba0063f53872c30fbc130af505537ac72f9c3</hash>
        <hash alg="SHA3-384">5d5456af3f5d809c6e1fbe13b6b65c71b442dcff66e087bf1be3958e582c7565135cf61f7b3bff55cee6d27a74365d01</hash>
        <hash alg="SHA3-256">39119e15f4769fdd5b018c1c9cae88c78e9454e05666731e8a703f47ed903693</hash>
        <hash alg="SHA3-512">d25c633ed33e217d71076ecf76040c13e3d8dfcc9eda1a2300a718a8699317de0b87680bfa5e499bf8c51f133408ab24c93e47393aa8c4300e92db0d683b48d6</hash>
      </hashes>
      <licenses>
        <license>
          <id>Apache-2.0</id>
        </license>
      </licenses>
      <purl>pkg:maven/com.google.errorprone/error_prone_annotations@2.24.1?type=jar</purl>
      <externalReferences>
        <reference type="website">
          <url>https://errorprone.info/error_prone_annotations</url>
        </reference>
        <reference type="vcs">
          <url>https://github.com/google/error-prone/error_prone_annotations</url>
        </reference>
      </externalReferences>
    </component>
    <component type="library" bom-ref="pkg:maven/org.osgi/osgi.annotation@8.1.0?type=jar">
      <publisher>Eclipse Foundation</publisher>
      <group>org.osgi</group>
      <name>osgi.annotation</name>
      <version>8.1.0</version>
      <description>OSGi Annotation Release 8, Annotations for use in compiling bundles</description>
      <scope>required</scope>
      <hashes>
        <hash alg="MD5">3bcfab9c55a2bcc158aa4953084021b6</hash>
        <hash alg="SHA-1">59d42736bcc0af2144ba5c1a12ff7c08ea4b7e12</hash>
        <hash alg="SHA-256">68afeb86a5322675d4dfe3df5863c7d8a37b34c18e3a8e41553f1ab3ac15d78f</hash>
        <hash alg="SHA-512">a190fa888fd22c2c31455d672b3e50ca79fa9f02269b9d45f6e6fc189dc8f90d20663e290f151a851e010b52ce87e62dc5079253c3e59caa72f11ea6248ffb26</hash>
        <hash alg="SHA-384">581c88a48fc7df5edae29712f943ef780fb0f32b4eee10dfcaa879f122f19fd1645b961b38bc0a97dd894d89952fdb68</hash>
        <hash alg="SHA3-384">ab4fab76440671def19eb0ca3370d8f0f8a915df4ec92e5aa2b9e12a4b97aa49301c51ccd28a2d2718beec6fe8105bc6</hash>
        <hash alg="SHA3-256">6849ce4a9cad5dbf2dce1ad817442821a633f8ae10ab1ccde69ac46d26127a46</hash>
        <hash alg="SHA3-512">3c3ce68b5ae1ea157f78d72a210cc152375fd8819a7c85ed5c718fbe387ffb522715e1b0dfa5094caed1e8bbe4b8fcc6d2aadd1cd3851f4c0fffebda5acaebba</hash>
      </hashes>
      <licenses>
        <license>
          <id>Apache-2.0</id>
          <url>https://www.apache.org/licenses/LICENSE-2.0</url>
        </license>
      </licenses>
      <purl>pkg:maven/org.osgi/osgi.annotation@8.1.0?type=jar</purl>
      <externalReferences>
        <reference type="website">
          <url>https://docs.osgi.org/</url>
        </reference>
        <reference type="vcs">
          <url>https://github.com/osgi/osgi</url>
        </reference>
      </externalReferences>
    </component>
    <component type="library" bom-ref="pkg:maven/org.osgi/org.osgi.annotation.bundle@2.0.0?type=jar">
      <publisher>Eclipse Foundation</publisher>
      <group>org.osgi</group>
      <name>org.osgi.annotation.bundle</name>
      <version>2.0.0</version>
      <description>OSGi Companion Code for org.osgi.annotation.bundle Version 2.0.0</description>
      <scope>required</scope>
      <hashes>
        <hash alg="MD5">19115314a0ce4cfb711a811dcc0be0a3</hash>
        <hash alg="SHA-1">f5c2cd6e670c3c5d440d3003efd5ef2ead5c68eb</hash>
        <hash alg="SHA-256">b9c9546ec5be3ebc2e85ba4919150ad76d64594805282fc895133a47d264a7ae</hash>
        <hash alg="SHA-512">f16b8983240ba3c08d6bc78e2eae92e89eb528f32a705961d90b463def0a5ed1ba08cc3d0be38b5dcfb946c6f759df772e122fb769e58e8c20aa79a489a1fd21</hash>
        <hash alg="SHA-384">88217b7d3a2d9a0a3f005162b95d68ba2bd29629688b2c32e93e4587d89fe6bd468f5c62ef422ebf2b609d402e62ff56</hash>
        <hash alg="SHA3-384">c7ee64dd3e235d900d01d8629b82245303d34a006e1edcd2571ef736d9c6256dcb718be326ad4909cb6d2cea26118ea9</hash>
        <hash alg="SHA3-256">9adcacb036caf30d17a13fcd5952a35e011678b1dbfabafdff73dba065ace8a3</hash>
        <hash alg="SHA3-512">76bec6bb2cdbc8da043760a7aedd51203c8d70b740c9b8de0ba6b0cf9ad991a58059566e7f62dee30606f32d267b2596d5bd5e885c73e336ae7fff6cf7f970db</hash>
      </hashes>
      <licenses>
        <license>
          <id>Apache-2.0</id>
          <url>https://www.apache.org/licenses/LICENSE-2.0</url>
        </license>
      </licenses>
      <purl>pkg:maven/org.osgi/org.osgi.annotation.bundle@2.0.0?type=jar</purl>
      <externalReferences>
        <reference type="website">
          <url>https://docs.osgi.org/</url>
        </reference>
        <reference type="vcs">
          <url>https://github.com/osgi/osgi</url>
        </reference>
      </externalReferences>
    </component>
    <component type="library" bom-ref="pkg:maven/org.osgi/org.osgi.annotation.versioning@1.1.2?type=jar">
      <publisher>Eclipse Foundation</publisher>
      <group>org.osgi</group>
      <name>org.osgi.annotation.versioning</name>
      <version>1.1.2</version>
      <description>OSGi Companion Code for org.osgi.annotation.versioning Version 1.1.2</description>
      <scope>required</scope>
      <hashes>
        <hash alg="MD5">a61b3b8d09c85ad296c61e21bf77ec70</hash>
        <hash alg="SHA-1">dc3cd4ec96c0b3c5459fe00694bd73a816ecf93e</hash>
        <hash alg="SHA-256">f51f235e80df8ffbc30ef1b557b6ea38a696632d675404ec117e952978b8b863</hash>
        <hash alg="SHA-512">a4c612bec624a168f25f0923d51925bbc914686673eeebd5b2442998b876f05855e2b0a6e6e9aca4a6533ed3156b0d24f94c3e508ee9778e1b2e469be318afa3</hash>
        <hash alg="SHA-384">68a2046f083a2e77304622a56d07c0e73ba88534af4a87b5428cebf8b638c40ce21bbac089a8b5520ad488c946b633ea</hash>
        <hash alg="SHA3-384">930734f6979650191d51cd8bf1f9ab4548d307950735aa98e2dbda7aecc19b49d01a3b968824f6df2ffafce65e122c60</hash>
        <hash alg="SHA3-256">513392d0e8ddd873d04c5cf4f402a9cfe094413832bb859fe37b70fd0512dd12</hash>
        <hash alg="SHA3-512">3d2bd7d2eb784a9fab4b09c42adb0722363079235340f1915bb82a99f1c5e616ee8f3dc34d2c90b941d2651dcb4f393c7fea3e23b579456a696604148d10f22b</hash>
      </hashes>
      <licenses>
        <license>
          <id>Apache-2.0</id>
          <url>https://www.apache.org/licenses/LICENSE-2.0</url>
        </license>
      </licenses>
      <purl>pkg:maven/org.osgi/org.osgi.annotation.versioning@1.1.2?type=jar</purl>
      <externalReferences>
        <reference type="website">
          <url>https://docs.osgi.org/</url>
        </reference>
        <reference type="vcs">
          <url>https://github.com/osgi/osgi</url>
        </reference>
      </externalReferences>
    </component>
    <component type="library" bom-ref="pkg:maven/com.github.spotbugs/spotbugs-annotations@4.8.3?type=jar">
      <group>com.github.spotbugs</group>
      <name>spotbugs-annotations</name>
      <version>4.8.3</version>
      <description>Annotations the SpotBugs tool supports</description>
      <scope>required</scope>
      <hashes>
        <hash alg="MD5">cd5917b77643c3a7ba5420aea78f940c</hash>
        <hash alg="SHA-1">05d2dc4ca5b632976371155252499819aea372ed</hash>
        <hash alg="SHA-256">e5d4f60be8e57595766ba7f1d4535dc46aebf98dae05e16372a4d4120d3ebb6b</hash>
        <hash alg="SHA-512">1a64f6911a94654d440ce4918395af0cbdee79696acbcf727af79134b02e6be17956fffa8f39e05fa9e22e336041443eb31165b338164b48a1c70f947e66d68b</hash>
        <hash alg="SHA-384">6875428ea8454185df4ac50b6551f9d9ba7d9152083eec2ecc5046aa464767982abfe0733c258f2dfed9fc3f2ad68add</hash>
        <hash alg="SHA3-384">25422667753a299021150558bf094a6bd5a521a0b736d94866f807f3246b11a0574e9e480f85c7a894258979afdaedd4</hash>
        <hash alg="SHA3-256">116a3c20fdd3253ab1cfc1bdc95c8d4eb3c454b3f7d89af1d2b87bde4b890c88</hash>
        <hash alg="SHA3-512">0e9ee42600abe9496fedc2d82cd71e51fd05f26c0094c1710025d3931b79507a3502a9f9e83fddefeb6ed784123c7faa7251bd58368e78cdcc218481cd05045d</hash>
      </hashes>
      <licenses>
        <license>
          <id>LGPL-2.1-only</id>
        </license>
      </licenses>
      <purl>pkg:maven/com.github.spotbugs/spotbugs-annotations@4.8.3?type=jar</purl>
      <externalReferences>
        <reference type="website">
          <url>https://spotbugs.github.io/</url>
        </reference>
        <reference type="vcs">
          <url>https://github.com/spotbugs/spotbugs/</url>
        </reference>
      </externalReferences>
    </component>
    <component type="library" bom-ref="pkg:maven/com.google.code.findbugs/jsr305@3.0.2?type=jar">
      <group>com.google.code.findbugs</group>
      <name>jsr305</name>
      <version>3.0.2</version>
      <description>JSR305 Annotations for Findbugs</description>
      <scope>required</scope>
      <hashes>
        <hash alg="MD5">dd83accb899363c32b07d7a1b2e4ce40</hash>
        <hash alg="SHA-1">25ea2e8b0c338a877313bd4672d3fe056ea78f0d</hash>
        <hash alg="SHA-256">766ad2a0783f2687962c8ad74ceecc38a28b9f72a2d085ee438b7813e928d0c7</hash>
        <hash alg="SHA-512">bb09db62919a50fa5b55906013be6ca4fc7acb2e87455fac5eaf9ede2e41ce8bbafc0e5a385a561264ea4cd71bbbd3ef5a45e02d63277a201d06a0ae1636f804</hash>
        <hash alg="SHA-384">ca0b169d3eb2d0922dc031133a021f861a043bb3e405a88728215fd6ff00fa52fdc7347842dcc2031472e3726164bdc4</hash>
        <hash alg="SHA3-384">9903fd7505218999f8262efedb3d935d64bcef84aae781064ab5e1b24755466b269517cada562fa140cd1d417ede57a1</hash>
        <hash alg="SHA3-256">223fda9a89a461afaae73b177a2dc20ed4a90f2f8757f5c65f3241b0510f00ff</hash>
        <hash alg="SHA3-512">3996b5af57a5d5c6a0cd62b11773360fb051dd86a2ba968476806a2a5d32049b82d69a24a3c694e8fe4d735be6a28e41000cc500cc2a9fb577e058045855d2d6</hash>
      </hashes>
      <licenses>
        <license>
          <id>Apache-2.0</id>
        </license>
      </licenses>
      <purl>pkg:maven/com.google.code.findbugs/jsr305@3.0.2?type=jar</purl>
      <externalReferences>
        <reference type="website">
          <url>http://findbugs.sourceforge.net/</url>
        </reference>
        <reference type="distribution">
          <url>https://oss.sonatype.org/service/local/staging/deploy/maven2/</url>
        </reference>
        <reference type="vcs">
          <url>https://code.google.com/p/jsr-305/</url>
        </reference>
      </externalReferences>
    </component>
  </components>
  <dependencies>
    <dependency ref="pkg:maven/org.apache.logging.log4j/log4j-spring-boot@2.23.0?type=jar">
      <dependency ref="pkg:maven/org.apache.logging.log4j/log4j-api@2.23.0?type=jar"/>
      <dependency ref="pkg:maven/org.apache.logging.log4j/log4j-core@2.23.0?type=jar"/>
      <dependency ref="pkg:maven/org.springframework.boot/spring-boot@2.7.18?type=jar"/>
      <dependency ref="pkg:maven/org.springframework/spring-core@5.3.32?type=jar"/>
      <dependency ref="pkg:maven/biz.aQute.bnd/biz.aQute.bnd.annotation@7.0.0?type=jar"/>
      <dependency ref="pkg:maven/com.google.errorprone/error_prone_annotations@2.24.1?type=jar"/>
      <dependency ref="pkg:maven/org.osgi/osgi.annotation@8.1.0?type=jar"/>
      <dependency ref="pkg:maven/org.osgi/org.osgi.annotation.bundle@2.0.0?type=jar"/>
      <dependency ref="pkg:maven/com.github.spotbugs/spotbugs-annotations@4.8.3?type=jar"/>
    </dependency>
    <dependency ref="pkg:maven/org.apache.logging.log4j/log4j-api@2.23.0?type=jar"/>
    <dependency ref="pkg:maven/org.apache.logging.log4j/log4j-core@2.23.0?type=jar">
      <dependency ref="pkg:maven/org.apache.logging.log4j/log4j-api@2.23.0?type=jar"/>
    </dependency>
    <dependency ref="pkg:maven/org.springframework.boot/spring-boot@2.7.18?type=jar">
      <dependency ref="pkg:maven/org.springframework/spring-core@5.3.32?type=jar"/>
      <dependency ref="pkg:maven/org.springframework/spring-context@5.3.32?type=jar"/>
    </dependency>
    <dependency ref="pkg:maven/org.springframework/spring-core@5.3.32?type=jar"/>
    <dependency ref="pkg:maven/org.springframework/spring-context@5.3.32?type=jar">
      <dependency ref="pkg:maven/org.springframework/spring-aop@5.3.32?type=jar"/>
      <dependency ref="pkg:maven/org.springframework/spring-beans@5.3.32?type=jar"/>
      <dependency ref="pkg:maven/org.springframework/spring-core@5.3.32?type=jar"/>
      <dependency ref="pkg:maven/org.springframework/spring-expression@5.3.32?type=jar"/>
    </dependency>
    <dependency ref="pkg:maven/org.springframework/spring-aop@5.3.32?type=jar">
      <dependency ref="pkg:maven/org.springframework/spring-beans@5.3.32?type=jar"/>
      <dependency ref="pkg:maven/org.springframework/spring-core@5.3.32?type=jar"/>
    </dependency>
    <dependency ref="pkg:maven/org.springframework/spring-beans@5.3.32?type=jar">
      <dependency ref="pkg:maven/org.springframework/spring-core@5.3.32?type=jar"/>
    </dependency>
    <dependency ref="pkg:maven/org.springframework/spring-expression@5.3.32?type=jar">
      <dependency ref="pkg:maven/org.springframework/spring-core@5.3.32?type=jar"/>
    </dependency>
    <dependency ref="pkg:maven/biz.aQute.bnd/biz.aQute.bnd.annotation@7.0.0?type=jar">
      <dependency ref="pkg:maven/org.osgi/org.osgi.resource@1.0.0?type=jar"/>
      <dependency ref="pkg:maven/org.osgi/org.osgi.service.serviceloader@1.0.0?type=jar"/>
    </dependency>
    <dependency ref="pkg:maven/org.osgi/org.osgi.resource@1.0.0?type=jar"/>
    <dependency ref="pkg:maven/org.osgi/org.osgi.service.serviceloader@1.0.0?type=jar"/>
    <dependency ref="pkg:maven/com.google.errorprone/error_prone_annotations@2.24.1?type=jar"/>
    <dependency ref="pkg:maven/org.osgi/osgi.annotation@8.1.0?type=jar"/>
    <dependency ref="pkg:maven/org.osgi/org.osgi.annotation.bundle@2.0.0?type=jar">
      <dependency ref="pkg:maven/org.osgi/org.osgi.annotation.versioning@1.1.2?type=jar"/>
    </dependency>
    <dependency ref="pkg:maven/org.osgi/org.osgi.annotation.versioning@1.1.2?type=jar"/>
    <dependency ref="pkg:maven/com.github.spotbugs/spotbugs-annotations@4.8.3?type=jar">
      <dependency ref="pkg:maven/com.google.code.findbugs/jsr305@3.0.2?type=jar"/>
    </dependency>
    <dependency ref="pkg:maven/com.google.code.findbugs/jsr305@3.0.2?type=jar"/>
  </dependencies>
</bom>
