<?xml version="1.0" encoding="UTF-8"?>
<bom xmlns="http://cyclonedx.org/schema/bom/1.5" version="1" serialNumber="urn:uuid:a35c04cd-76c1-38a7-896b-4778e9715572">
  <metadata>
    <tools>
      <tool>
        <vendor>OWASP Foundation</vendor>
        <name>CycloneDX Maven plugin</name>
        <version>2.7.10</version>
        <hashes>
          <hash alg="MD5">1cc7f6a0382f8bb2f758d6a6ea401d1b</hash>
          <hash alg="SHA-1">a4297947a1f2d7d453105db542651614bbd37f38</hash>
          <hash alg="SHA-256">bd0fdd8f2f2116eee5e715aeac1580f19eb7a10ec2b6f805b53567067658e872</hash>
          <hash alg="SHA-512">9cde8352a427e10b96cae01348fc7cfe5d4aa9cd0a5e5dd93b414ce3bb7d112993c3b3004e53af52567fbfa16de0704ec59a5556a635ad70571fd124ae389f39</hash>
          <hash alg="SHA-384">93d7bf5b5c735347edfbfbd66810273ca840f9a322b816d22d44c3d8e8255c09e86570bb23712aeb0cade0f478be5aeb</hash>
          <hash alg="SHA3-384">4467f16e9ca32190a6e49c65339eb28ee5e8c78f4e918fcf95128a4b7648898de56ccb43eacfad0c9391ef8cdb7d629a</hash>
          <hash alg="SHA3-256">ed2996c99b483e969221d5e9a40f562ea2ab85442d361d72a90e85266a3ed781</hash>
          <hash alg="SHA3-512">c8e6ea9ddc38edc77e284b3bf541663e84752bdc59ed1935799847a48a14ea2fa531b61008fefcba37d732a56702a11ac112437b9b80d18f4ecc8ef0ecfb32cf</hash>
        </hashes>
      </tool>
    </tools>
    <component type="library" bom-ref="pkg:maven/org.apache.logging.log4j/log4j-jakarta-smtp@2.23.0?type=jar">
      <publisher>The Apache Software Foundation</publisher>
      <group>org.apache.logging.log4j</group>
      <name>log4j-jakarta-smtp</name>
      <version>2.23.0</version>
      <description>Apache Log4j Simple Mail Transfer Protocol (SMTP) Appender, version for Jakarta EE 9.</description>
      <licenses>
        <license>
          <id>Apache-2.0</id>
          <url>https://www.apache.org/licenses/LICENSE-2.0</url>
        </license>
      </licenses>
      <purl>pkg:maven/org.apache.logging.log4j/log4j-jakarta-smtp@2.23.0?type=jar</purl>
      <externalReferences>
        <reference type="website">
          <url>https://logging.apache.org/log4j/2.x/</url>
        </reference>
        <reference type="build-system">
          <url>https://github.com/apache/logging-log4j2/actions</url>
        </reference>
        <reference type="distribution">
          <url>https://logging.apache.org/log4j/2.x/download.html</url>
        </reference>
        <reference type="issue-tracker">
          <url>https://github.com/apache/logging-log4j2/issues</url>
        </reference>
        <reference type="mailing-list">
          <url>https://lists.apache.org/list.html?log4j-user@logging.apache.org</url>
        </reference>
        <reference type="vcs">
          <url>https://github.com/apache/logging-log4j2</url>
        </reference>
        <reference type="vulnerability-assertion">
          <url>https://logging.apache.org/cyclonedx/vdr.xml</url>
        </reference>
      </externalReferences>
    </component>
    <properties>
      <property name="maven.goal">makeBom</property>
      <property name="maven.scopes">compile,provided,runtime,system</property>
      <property name="cdx:reproducible">enabled</property>
    </properties>
  </metadata>
  <components>
    <component type="library" bom-ref="pkg:maven/jakarta.activation/jakarta.activation-api@2.1.2?type=jar">
      <publisher>Eclipse Foundation</publisher>
      <group>jakarta.activation</group>
      <name>jakarta.activation-api</name>
      <version>2.1.2</version>
      <description>Jakarta Activation API 2.1 Specification</description>
      <scope>required</scope>
      <hashes>
        <hash alg="MD5">1af11450fafc7ee26c633d940286bc16</hash>
        <hash alg="SHA-1">640c0d5aff45dbff1e1a1bc09673ff3a02b1ba12</hash>
        <hash alg="SHA-256">f53f578dd0eb4170c195a4e215c59a38abfb4123dcb95dd902fef92876499fbb</hash>
        <hash alg="SHA-512">383283f469aba01a274591e29f1aa398fefa273bca180162d9d11c87509ffb55cb2dde51783bd6cae6f2c4347e0ac7358cf11f4c85787d5d2857354b9e29d877</hash>
        <hash alg="SHA-384">e34ac294c104cb67ac06f7fc60752e54a881c04f68271b758899739a5df5be2d2d0e707face2705b95fa5a26cedf9313</hash>
        <hash alg="SHA3-384">ffd74b0335a4bfdd9a0c733c77ecdfa967d5280500c7d2f01e2be8499d39a9f0cd29c9063ae634223347bb00f4e60c33</hash>
        <hash alg="SHA3-256">c97236eaebb15b8aefa034b23834eaeed848dacf119746c6d87832c47581e74d</hash>
        <hash alg="SHA3-512">147dfa2bf46bb47c81462c36ac6612f9f807169ffb785e2bbd45538205c5713f33af4373f3324a2063350c2367baff37e9c2cf085c38c96870ad88c60a7fbea4</hash>
      </hashes>
      <licenses>
        <license>
          <id>BSD-3-Clause</id>
        </license>
      </licenses>
      <purl>pkg:maven/jakarta.activation/jakarta.activation-api@2.1.2?type=jar</purl>
      <externalReferences>
        <reference type="website">
          <url>https://github.com/jakartaee/jaf-api</url>
        </reference>
        <reference type="distribution">
          <url>https://jakarta.oss.sonatype.org/service/local/staging/deploy/maven2/</url>
        </reference>
        <reference type="issue-tracker">
          <url>https://github.com/jakartaee/jaf-api/issues/</url>
        </reference>
        <reference type="mailing-list">
          <url>https://dev.eclipse.org/mhonarc/lists/jakarta.ee-community/</url>
        </reference>
        <reference type="vcs">
          <url>https://github.com/jakartaee/jaf-api</url>
        </reference>
      </externalReferences>
    </component>
    <component type="library" bom-ref="pkg:maven/jakarta.mail/jakarta.mail-api@2.1.2?type=jar">
      <publisher>Eclipse Foundation</publisher>
      <group>jakarta.mail</group>
      <name>jakarta.mail-api</name>
      <version>2.1.2</version>
      <description>Jakarta Mail API 2.1 Specification API</description>
      <scope>required</scope>
      <hashes>
        <hash alg="MD5">a0f418c90766053b4acae3f3aecdc6f4</hash>
        <hash alg="SHA-1">e2f24836f1720a6b53d98240a78b4860597428c8</hash>
        <hash alg="SHA-256">0aa8de0f682a5ce381c2572ac110a91a01b30bdbf6694614e7a1f2dbda85a11c</hash>
        <hash alg="SHA-512">2b181e5cc16b44fe53b32d2ab52f31d2e032983fe65b16a708400113a129eea54540893af8f1fc05acb2a6b7636604afe7e4c3f044b1377d8d86399c2ac0f24c</hash>
        <hash alg="SHA-384">54986a6e5cbbea7bfc734744c95757a2bec500b3f02465c379d78d43d1cbba2d60247baa80f29ab222079968da05a0c9</hash>
        <hash alg="SHA3-384">befce271661cfa449ff3a36f6d787755fdf0c94ba5052da4c09aaf4bb85acc5064bc1eb66a063a7ffe516138e0b5e1fa</hash>
        <hash alg="SHA3-256">b15de48cfea3d0d9a7a22d0bb8ce73d6dcc8d20bee1f1f848433d27d21b68b0a</hash>
        <hash alg="SHA3-512">4352852427564e0041b1cf7efa91ce25c186ce3ad58327b9c7e6d64c92553b2b63702490f0e79ccbcd60eaafe731f2b93cb0926d4027866290c5eee7543789e1</hash>
      </hashes>
      <licenses>
        <license>
          <id>EPL-2.0</id>
        </license>
        <license>
          <id>GPL-2.0-with-classpath-exception</id>
        </license>
        <license>
          <id>BSD-3-Clause</id>
        </license>
      </licenses>
      <purl>pkg:maven/jakarta.mail/jakarta.mail-api@2.1.2?type=jar</purl>
      <externalReferences>
        <reference type="website">
          <url>https://projects.eclipse.org/projects/ee4j/jakarta.mail-api</url>
        </reference>
        <reference type="distribution">
          <url>https://jakarta.oss.sonatype.org/service/local/staging/deploy/maven2/</url>
        </reference>
        <reference type="issue-tracker">
          <url>https://github.com/jakartaee/mail-api/issues</url>
        </reference>
        <reference type="mailing-list">
          <url>https://dev.eclipse.org/mhonarc/lists/jakarta.ee-community/</url>
        </reference>
        <reference type="vcs">
          <url>https://github.com/jakartaee/mail-api</url>
        </reference>
      </externalReferences>
    </component>
    <component type="library" bom-ref="pkg:maven/org.apache.logging.log4j/log4j-api@2.23.0?type=jar">
      <publisher>The Apache Software Foundation</publisher>
      <group>org.apache.logging.log4j</group>
      <name>log4j-api</name>
      <version>2.23.0</version>
      <description>The Apache Log4j API</description>
      <scope>required</scope>
      <hashes>
        <hash alg="MD5">a548aa8b827a461842f7602384d36822</hash>
        <hash alg="SHA-1">10741ddf9effd8e04d568148c2948a22f3f4cc73</hash>
        <hash alg="SHA-256">ff1a58a39df66d55534de744eb97225d4f7665482e73988a496681f5f2744938</hash>
        <hash alg="SHA-512">6c73eb1471d6326e4c425a7323d1603091585bd0234a4ff50927201246df7c6195120b44871f561855311f8fead64c1bfa5a17c62835d9dcb87cfee7e476bdc8</hash>
        <hash alg="SHA-384">3f7de5b1fb81bc1c77681a57d7a8d6c523be976c4a0e00d1affc004c256ca31d640d503db16742ce7b47f03b8020c259</hash>
        <hash alg="SHA3-384">753a226987b7c6e7e1bd46d0c0f3f924849f85924d68fab4cf3977221ef5defa3fe54b3190f60b7d2ba7ba02d6fd99ec</hash>
        <hash alg="SHA3-256">e55aca35b5b6f1ebfd9c6f716d50cdcc2c0d37d272e884fed4ff00f8a337df06</hash>
        <hash alg="SHA3-512">565ec771816c7c020ca09f9eae05f7b7d0e545ee7a17ac2cc32709d65aafeeaee4550d1db4f4896e5ce312eb5c71b66eb683691cb4e38ed92ea8034fbe36b788</hash>
      </hashes>
      <licenses>
        <license>
          <id>Apache-2.0</id>
          <url>https://www.apache.org/licenses/LICENSE-2.0</url>
        </license>
      </licenses>
      <purl>pkg:maven/org.apache.logging.log4j/log4j-api@2.23.0?type=jar</purl>
      <externalReferences>
        <reference type="website">
          <url>https://logging.apache.org/log4j/2.x/log4j/log4j-api/</url>
        </reference>
        <reference type="build-system">
          <url>https://github.com/apache/logging-log4j2/actions</url>
        </reference>
        <reference type="distribution">
          <url>https://logging.apache.org/logging-parent/latest/#distribution</url>
        </reference>
        <reference type="issue-tracker">
          <url>https://github.com/apache/logging-log4j2/issues</url>
        </reference>
        <reference type="mailing-list">
          <url>https://lists.apache.org/list.html?log4j-user@logging.apache.org</url>
        </reference>
        <reference type="vcs">
          <url>https://github.com/apache/logging-log4j2</url>
        </reference>
        <reference type="vulnerability-assertion">
          <url>https://logging.apache.org/cyclonedx/vdr.xml</url>
        </reference>
      </externalReferences>
    </component>
    <component type="library" bom-ref="pkg:maven/org.apache.logging.log4j/log4j-core@2.23.0?type=jar">
      <publisher>The Apache Software Foundation</publisher>
      <group>org.apache.logging.log4j</group>
      <name>log4j-core</name>
      <version>2.23.0</version>
      <description>The Apache Log4j Implementation</description>
      <scope>required</scope>
      <hashes>
        <hash alg="MD5">d771856ad69fd530e42778a4d18b2d32</hash>
        <hash alg="SHA-1">fe82862c4294275ed64623e8b04946e3c4cb658a</hash>
        <hash alg="SHA-256">0fef441ee938719f635db7ef21ad5b1ddf7d5bf8f5abf5eca8f29c3f432681db</hash>
        <hash alg="SHA-512">4e9c09c14a6880d888412fa3393c1fa110af66c1e496f790a2c6ba34960f5fccbfc4d040b318277caac42f013a902cd4e6f6e1419009262d44cc0f40533fc168</hash>
        <hash alg="SHA-384">783b12e5f9e13a679a1f614013170c3714d871e0995907b83627c0af250eab87f6136ad703bea7a4a8de79271416442d</hash>
        <hash alg="SHA3-384">54ee52c425879340de6072a2338f647e5a2f08f17a7bf31b3c8935ba58a7b3396e7354ea4384f6b44d05b00e66c0fcd8</hash>
        <hash alg="SHA3-256">a9badf42bc4be88f615038c9d1ca7f4b8562c97c28976f108fd5feffd9a6e108</hash>
        <hash alg="SHA3-512">8e61ca880b96195f3c9188a022560b8f2d041bdc09fdc892cf671f707a13b8895ed1bb5aba2a0cdeabb6807e8e7a12318314d183559c50fba2241e8ac39e0cda</hash>
      </hashes>
      <licenses>
        <license>
          <id>Apache-2.0</id>
          <url>https://www.apache.org/licenses/LICENSE-2.0</url>
        </license>
      </licenses>
      <purl>pkg:maven/org.apache.logging.log4j/log4j-core@2.23.0?type=jar</purl>
      <externalReferences>
        <reference type="website">
          <url>https://logging.apache.org/log4j/2.x/log4j/log4j-core/</url>
        </reference>
        <reference type="build-system">
          <url>https://github.com/apache/logging-log4j2/actions</url>
        </reference>
        <reference type="distribution">
          <url>https://logging.apache.org/logging-parent/latest/#distribution</url>
        </reference>
        <reference type="issue-tracker">
          <url>https://github.com/apache/logging-log4j2/issues</url>
        </reference>
        <reference type="mailing-list">
          <url>https://lists.apache.org/list.html?log4j-user@logging.apache.org</url>
        </reference>
        <reference type="vcs">
          <url>https://github.com/apache/logging-log4j2</url>
        </reference>
        <reference type="vulnerability-assertion">
          <url>https://logging.apache.org/cyclonedx/vdr.xml</url>
        </reference>
      </externalReferences>
    </component>
    <component type="library" bom-ref="pkg:maven/org.eclipse.angus/angus-activation@2.0.1?type=jar">
      <publisher>Eclipse Foundation</publisher>
      <group>org.eclipse.angus</group>
      <name>angus-activation</name>
      <version>2.0.1</version>
      <description>Angus Activation Registries Implementation</description>
      <scope>required</scope>
      <hashes>
        <hash alg="MD5">9a66564224140488f83f645ac32d4169</hash>
        <hash alg="SHA-1">eaafaf4eb71b400e4136fc3a286f50e34a68ecb7</hash>
        <hash alg="SHA-256">b226761815868edf8964c1d71e6d2d54ab238c2788507061b4e0633933b4c131</hash>
        <hash alg="SHA-512">12adc46207e6bb01c82cae962260c4e573ec24058a93e9f8c1fa532abaae31665f8e3fee870f3fb61532ca8449a1ae7bd1d546caed9de468af20f008a39363e1</hash>
        <hash alg="SHA-384">b2dc7efc13bc0fd8ac4be9af1036a5b10fbf2acb16dc3bfb0c27ef4af15902259ef997eae6ad71f141e00d2789ad7213</hash>
        <hash alg="SHA3-384">728583e6f733a3d8896c6502ac003f05244c935d421186765baf12ee0662f4344953de80150d534a038a36df589bddf5</hash>
        <hash alg="SHA3-256">ba9ba82a808ddc4b0ee01c75ffb46dbc2c31d17eb10cc98005c3e0c717011c56</hash>
        <hash alg="SHA3-512">b99c8aef5bb02f200976e5a63257829fbe651028afef5208b7cf1d55333420d18df8ff71e6a70b5699156e5be6fc6019c676333ad74e5ba0ed4b346b1cadd027</hash>
      </hashes>
      <licenses>
        <license>
          <id>BSD-3-Clause</id>
        </license>
      </licenses>
      <purl>pkg:maven/org.eclipse.angus/angus-activation@2.0.1?type=jar</purl>
      <externalReferences>
        <reference type="website">
          <url>https://github.com/eclipse-ee4j/angus-activation/angus-activation</url>
        </reference>
        <reference type="distribution">
          <url>https://jakarta.oss.sonatype.org/service/local/staging/deploy/maven2/</url>
        </reference>
        <reference type="issue-tracker">
          <url>https://github.com/eclipse-ee4j/angus-activation/issues/</url>
        </reference>
        <reference type="mailing-list">
          <url>https://dev.eclipse.org/mhonarc/lists/jakarta.ee-community/</url>
        </reference>
        <reference type="vcs">
          <url>https://github.com/eclipse-ee4j/angus-activation/angus-activation</url>
        </reference>
      </externalReferences>
    </component>
    <component type="library" bom-ref="pkg:maven/org.eclipse.angus/jakarta.mail@2.0.2?type=jar">
      <publisher>Eclipse Foundation</publisher>
      <group>org.eclipse.angus</group>
      <name>jakarta.mail</name>
      <version>2.0.2</version>
      <description>Angus Mail default provider</description>
      <scope>required</scope>
      <hashes>
        <hash alg="MD5">2e4748422c6e2e4998a3d9b88c24568d</hash>
        <hash alg="SHA-1">c73e4d70a62a1184eb01e989d6544082ee5e0362</hash>
        <hash alg="SHA-256">587d52470e8268b5f24ec5ef62967354b3e7b50c682309ad8e67ea5f9b2c3e70</hash>
        <hash alg="SHA-512">28de1ac4eb3d073ecc1923093c9587a3e8312825a61197bcd75660b09c2c7cff34e6469cb1a7e08feb13fd1a0ba4d8ef9b2c13f243142d3a5637ebdf2ff4710b</hash>
        <hash alg="SHA-384">a3b98c7d33aa76dceb21f8b7de236b152c01e7790cbc6ae2149c553924f1a59ce443e6e4c206aee4d81004c198e39f25</hash>
        <hash alg="SHA3-384">71c9bd6807f4c4447f9a9d77858ac5a4af8605b18142cd32d91ce5ec61ebf7582f7decafcc3c5c1513bc9ee7927f841f</hash>
        <hash alg="SHA3-256">cf526dc711d6d11f7023e39dae41fca5ca0271eb90ee34e557ddca2800ee6893</hash>
        <hash alg="SHA3-512">97134fc107ea13690bc801729232ccba625f2bba40d9d32135dbbe16b0a47500bebb087448ab07821c7432002815fe04613aa1a8cc2c0a5dfc5a1460d7bbccb9</hash>
      </hashes>
      <licenses>
        <license>
          <id>EPL-2.0</id>
        </license>
        <license>
          <id>GPL-2.0-with-classpath-exception</id>
        </license>
        <license>
          <id>BSD-3-Clause</id>
        </license>
      </licenses>
      <purl>pkg:maven/org.eclipse.angus/jakarta.mail@2.0.2?type=jar</purl>
      <externalReferences>
        <reference type="website">
          <url>http://eclipse-ee4j.github.io/angus-mail/jakarta.mail</url>
        </reference>
        <reference type="distribution">
          <url>https://jakarta.oss.sonatype.org/service/local/staging/deploy/maven2/</url>
        </reference>
        <reference type="issue-tracker">
          <url>https://github.com/eclipse-ee4j/angus-mail/issues</url>
        </reference>
        <reference type="mailing-list">
          <url>https://dev.eclipse.org/mhonarc/lists/jakarta.ee-community/</url>
        </reference>
        <reference type="vcs">
          <url>https://github.com/eclipse-ee4j/angus-mail/jakarta.mail</url>
        </reference>
      </externalReferences>
    </component>
    <component type="library" bom-ref="pkg:maven/biz.aQute.bnd/biz.aQute.bnd.annotation@7.0.0?type=jar">
      <publisher>Bndtools</publisher>
      <group>biz.aQute.bnd</group>
      <name>biz.aQute.bnd.annotation</name>
      <version>7.0.0</version>
      <description>bnd Annotations Library</description>
      <scope>required</scope>
      <hashes>
        <hash alg="MD5">0339bd011cf13131841417c0de7452f5</hash>
        <hash alg="SHA-1">8ad279ebf0d04ea89c5ce4d934189d0d16bb6d50</hash>
        <hash alg="SHA-256">a0090390963dd2092f8abb6d76092bab1696494d2e31b127f5b1b2bf29c08638</hash>
        <hash alg="SHA-512">6e96cffe60466e9bd5730c93686a6ae252958be6202ba07d235239f0033b9a1cc53faad327ddaebab9eab30825b881acc6296777851028c7fad5668cbbe99c81</hash>
        <hash alg="SHA-384">f51cd44911333bf7c2f58bdf7440062c138005c8332be3bf69b0ab0d9d93af4d1e1dde3a4eae5bfae92e835b70e6f561</hash>
        <hash alg="SHA3-384">7e93113ee29b6fbed02fbeac096582476b0b7c04703a54ecf0c3c89cab6fff06bc486d072c78f5a19e2c7da1c603b9d2</hash>
        <hash alg="SHA3-256">e0a35d4ec2afe652ef58a37a9f2491349527e86c7a1b37d13436fdfef77f32b2</hash>
        <hash alg="SHA3-512">62783affe413b5419c08008094a43e63712c65d6e4a0cd345e58e1a7c66dc32a08f2e68852d14641d30da31d665091c19571809145f769480cb0b80e0ad003e9</hash>
      </hashes>
      <licenses>
        <license>
          <name>(Apache-2.0 OR EPL-2.0)</name>
          <url>https://opensource.org/licenses/Apache-2.0,https://opensource.org/licenses/EPL-2.0</url>
        </license>
      </licenses>
      <purl>pkg:maven/biz.aQute.bnd/biz.aQute.bnd.annotation@7.0.0?type=jar</purl>
      <externalReferences>
        <reference type="website">
          <url>https://bnd.bndtools.org/</url>
        </reference>
        <reference type="vcs">
          <url>https://github.com/bndtools/bnd</url>
        </reference>
      </externalReferences>
    </component>
    <component type="library" bom-ref="pkg:maven/org.osgi/org.osgi.resource@1.0.0?type=jar">
      <publisher>OSGi Alliance</publisher>
      <group>org.osgi</group>
      <name>org.osgi.resource</name>
      <version>1.0.0</version>
      <description>OSGi Companion Code for org.osgi.resource Version 1.0.0.</description>
      <scope>required</scope>
      <hashes>
        <hash alg="MD5">7d857a4203e2996fab0cf070133e43df</hash>
        <hash alg="SHA-1">343c88949132984b3f2d4175a72c40b77dc65619</hash>
        <hash alg="SHA-256">81fc50f1f1d38a4af28e131907d4afe213249aab05060484edca0e60c4af9b4a</hash>
        <hash alg="SHA-512">4e798790856f83f50832db80bfab64dfceeff1c509d7dde43e74a9f9192ea7a7d5ea77b9b1e81291fa6ba3dcef5ab8fa791ca8093a72a08d7ca6f6499e13e506</hash>
        <hash alg="SHA-384">73038c395166552b64b6b5469bd8056584f48d19b5762df2e8bd2770405ed8f6071e397a87d9a7ed39f8c2e0e8ab85b2</hash>
        <hash alg="SHA3-384">e06c8a460b3bf06d6cb22237aeffa6afd2eadd9461096c67b768a14603ad8aaa88f891d03cf0a273a99d86906c1c8eb3</hash>
        <hash alg="SHA3-256">1097cfd20e80ce368fd828a23ad7c32a202cebd92106f6ebb88ba55ca74349ee</hash>
        <hash alg="SHA3-512">d7b710e1e0484badb875f326c602c90df6705df48b0f057320919a5255d3ecbddd7053eabc68787480a70aebd7e553e9f51728112e1fa0846c849366b7e8d69b</hash>
      </hashes>
      <licenses>
        <license>
          <id>Apache-2.0</id>
        </license>
      </licenses>
      <purl>pkg:maven/org.osgi/org.osgi.resource@1.0.0?type=jar</purl>
      <externalReferences>
        <reference type="website">
          <url>http://www.osgi.org/</url>
        </reference>
        <reference type="vcs">
          <url>https://osgi.org/git/build.git</url>
        </reference>
      </externalReferences>
    </component>
    <component type="library" bom-ref="pkg:maven/org.osgi/org.osgi.service.serviceloader@1.0.0?type=jar">
      <publisher>OSGi Alliance</publisher>
      <group>org.osgi</group>
      <name>org.osgi.service.serviceloader</name>
      <version>1.0.0</version>
      <description>OSGi Companion Code for org.osgi.service.serviceloader Version 1.0.0.</description>
      <scope>required</scope>
      <hashes>
        <hash alg="MD5">4943f0102a6d893c4dd77f369a5f0537</hash>
        <hash alg="SHA-1">3728ff37909c6a3c1870b3e851342d9f2bd3cc63</hash>
        <hash alg="SHA-256">8f876ce2a9aa4e95b1f1952950255103e2487425050a654f3285447ba601c154</hash>
        <hash alg="SHA-512">a7def4cb7a8ed992645faa80a780e0b30bd39c1587b5bcb65fe170d10842d0d880c2849edd50c64807fe0e4b9cc0051337d1b161d0d390465d9e63a762861c49</hash>
        <hash alg="SHA-384">1e480694b8a541da4cd1e044d3f3ea3cd55152515ac022b80d865b6654242506c2138daabb4e71c30d36b12b9aaf676d</hash>
        <hash alg="SHA3-384">7f076af200ae9c2bd9f235b949aee01a1a758c8aac10fee8b98ec2497197d2029117d5627eb0eabd9b42979eb1baa009</hash>
        <hash alg="SHA3-256">83b1dce69c4c899176eb6e368e434ecb77dfed7c436530b8c5d08b9b6f2430aa</hash>
        <hash alg="SHA3-512">5debde53a7ead231dcd907467d59728f59cae4eb3b967c19808f78890bd97d2f04657cad9c093e88f9818338b0b3b38a57c66400ebcff61fbb26d18e9f7bf8ed</hash>
      </hashes>
      <licenses>
        <license>
          <id>Apache-2.0</id>
        </license>
      </licenses>
      <purl>pkg:maven/org.osgi/org.osgi.service.serviceloader@1.0.0?type=jar</purl>
      <externalReferences>
        <reference type="website">
          <url>http://www.osgi.org/</url>
        </reference>
        <reference type="vcs">
          <url>https://osgi.org/git/build.git</url>
        </reference>
      </externalReferences>
    </component>
    <component type="library" bom-ref="pkg:maven/com.google.errorprone/error_prone_annotations@2.24.1?type=jar">
      <publisher>Google LLC</publisher>
      <group>com.google.errorprone</group>
      <name>error_prone_annotations</name>
      <version>2.24.1</version>
      <description>Error Prone is a static analysis tool for Java that catches common programming mistakes at compile-time.</description>
      <scope>required</scope>
      <hashes>
        <hash alg="MD5">345bbebec9b3c68d2638c0f6809436dc</hash>
        <hash alg="SHA-1">32b299e45105aa9b0df8279c74dc1edfcf313ff0</hash>
        <hash alg="SHA-256">19fe2f7155d20ea093168527999da98108103ee546d1e8b726bc4b27c31a3c30</hash>
        <hash alg="SHA-512">75a8d055b90fc2be2198d8502299b5e4f08a81d87b15334a788a719e155f006b23c3648a4574be831de932db212593a2b004584948c394adb8272ed7d5844c94</hash>
        <hash alg="SHA-384">b474fabb3ed301583358187787cb89161d4ea3a5e46d66aaf4317bfa74cba0063f53872c30fbc130af505537ac72f9c3</hash>
        <hash alg="SHA3-384">5d5456af3f5d809c6e1fbe13b6b65c71b442dcff66e087bf1be3958e582c7565135cf61f7b3bff55cee6d27a74365d01</hash>
        <hash alg="SHA3-256">39119e15f4769fdd5b018c1c9cae88c78e9454e05666731e8a703f47ed903693</hash>
        <hash alg="SHA3-512">d25c633ed33e217d71076ecf76040c13e3d8dfcc9eda1a2300a718a8699317de0b87680bfa5e499bf8c51f133408ab24c93e47393aa8c4300e92db0d683b48d6</hash>
      </hashes>
      <licenses>
        <license>
          <id>Apache-2.0</id>
        </license>
      </licenses>
      <purl>pkg:maven/com.google.errorprone/error_prone_annotations@2.24.1?type=jar</purl>
      <externalReferences>
        <reference type="website">
          <url>https://errorprone.info/error_prone_annotations</url>
        </reference>
        <reference type="vcs">
          <url>https://github.com/google/error-prone/error_prone_annotations</url>
        </reference>
      </externalReferences>
    </component>
    <component type="library" bom-ref="pkg:maven/org.osgi/osgi.annotation@8.1.0?type=jar">
      <publisher>Eclipse Foundation</publisher>
      <group>org.osgi</group>
      <name>osgi.annotation</name>
      <version>8.1.0</version>
      <description>OSGi Annotation Release 8, Annotations for use in compiling bundles</description>
      <scope>required</scope>
      <hashes>
        <hash alg="MD5">3bcfab9c55a2bcc158aa4953084021b6</hash>
        <hash alg="SHA-1">59d42736bcc0af2144ba5c1a12ff7c08ea4b7e12</hash>
        <hash alg="SHA-256">68afeb86a5322675d4dfe3df5863c7d8a37b34c18e3a8e41553f1ab3ac15d78f</hash>
        <hash alg="SHA-512">a190fa888fd22c2c31455d672b3e50ca79fa9f02269b9d45f6e6fc189dc8f90d20663e290f151a851e010b52ce87e62dc5079253c3e59caa72f11ea6248ffb26</hash>
        <hash alg="SHA-384">581c88a48fc7df5edae29712f943ef780fb0f32b4eee10dfcaa879f122f19fd1645b961b38bc0a97dd894d89952fdb68</hash>
        <hash alg="SHA3-384">ab4fab76440671def19eb0ca3370d8f0f8a915df4ec92e5aa2b9e12a4b97aa49301c51ccd28a2d2718beec6fe8105bc6</hash>
        <hash alg="SHA3-256">6849ce4a9cad5dbf2dce1ad817442821a633f8ae10ab1ccde69ac46d26127a46</hash>
        <hash alg="SHA3-512">3c3ce68b5ae1ea157f78d72a210cc152375fd8819a7c85ed5c718fbe387ffb522715e1b0dfa5094caed1e8bbe4b8fcc6d2aadd1cd3851f4c0fffebda5acaebba</hash>
      </hashes>
      <licenses>
        <license>
          <id>Apache-2.0</id>
          <url>https://www.apache.org/licenses/LICENSE-2.0</url>
        </license>
      </licenses>
      <purl>pkg:maven/org.osgi/osgi.annotation@8.1.0?type=jar</purl>
      <externalReferences>
        <reference type="website">
          <url>https://docs.osgi.org/</url>
        </reference>
        <reference type="vcs">
          <url>https://github.com/osgi/osgi</url>
        </reference>
      </externalReferences>
    </component>
    <component type="library" bom-ref="pkg:maven/org.osgi/org.osgi.annotation.bundle@2.0.0?type=jar">
      <publisher>Eclipse Foundation</publisher>
      <group>org.osgi</group>
      <name>org.osgi.annotation.bundle</name>
      <version>2.0.0</version>
      <description>OSGi Companion Code for org.osgi.annotation.bundle Version 2.0.0</description>
      <scope>required</scope>
      <hashes>
        <hash alg="MD5">19115314a0ce4cfb711a811dcc0be0a3</hash>
        <hash alg="SHA-1">f5c2cd6e670c3c5d440d3003efd5ef2ead5c68eb</hash>
        <hash alg="SHA-256">b9c9546ec5be3ebc2e85ba4919150ad76d64594805282fc895133a47d264a7ae</hash>
        <hash alg="SHA-512">f16b8983240ba3c08d6bc78e2eae92e89eb528f32a705961d90b463def0a5ed1ba08cc3d0be38b5dcfb946c6f759df772e122fb769e58e8c20aa79a489a1fd21</hash>
        <hash alg="SHA-384">88217b7d3a2d9a0a3f005162b95d68ba2bd29629688b2c32e93e4587d89fe6bd468f5c62ef422ebf2b609d402e62ff56</hash>
        <hash alg="SHA3-384">c7ee64dd3e235d900d01d8629b82245303d34a006e1edcd2571ef736d9c6256dcb718be326ad4909cb6d2cea26118ea9</hash>
        <hash alg="SHA3-256">9adcacb036caf30d17a13fcd5952a35e011678b1dbfabafdff73dba065ace8a3</hash>
        <hash alg="SHA3-512">76bec6bb2cdbc8da043760a7aedd51203c8d70b740c9b8de0ba6b0cf9ad991a58059566e7f62dee30606f32d267b2596d5bd5e885c73e336ae7fff6cf7f970db</hash>
      </hashes>
      <licenses>
        <license>
          <id>Apache-2.0</id>
          <url>https://www.apache.org/licenses/LICENSE-2.0</url>
        </license>
      </licenses>
      <purl>pkg:maven/org.osgi/org.osgi.annotation.bundle@2.0.0?type=jar</purl>
      <externalReferences>
        <reference type="website">
          <url>https://docs.osgi.org/</url>
        </reference>
        <reference type="vcs">
          <url>https://github.com/osgi/osgi</url>
        </reference>
      </externalReferences>
    </component>
    <component type="library" bom-ref="pkg:maven/org.osgi/org.osgi.annotation.versioning@1.1.2?type=jar">
      <publisher>Eclipse Foundation</publisher>
      <group>org.osgi</group>
      <name>org.osgi.annotation.versioning</name>
      <version>1.1.2</version>
      <description>OSGi Companion Code for org.osgi.annotation.versioning Version 1.1.2</description>
      <scope>required</scope>
      <hashes>
        <hash alg="MD5">a61b3b8d09c85ad296c61e21bf77ec70</hash>
        <hash alg="SHA-1">dc3cd4ec96c0b3c5459fe00694bd73a816ecf93e</hash>
        <hash alg="SHA-256">f51f235e80df8ffbc30ef1b557b6ea38a696632d675404ec117e952978b8b863</hash>
        <hash alg="SHA-512">a4c612bec624a168f25f0923d51925bbc914686673eeebd5b2442998b876f05855e2b0a6e6e9aca4a6533ed3156b0d24f94c3e508ee9778e1b2e469be318afa3</hash>
        <hash alg="SHA-384">68a2046f083a2e77304622a56d07c0e73ba88534af4a87b5428cebf8b638c40ce21bbac089a8b5520ad488c946b633ea</hash>
        <hash alg="SHA3-384">930734f6979650191d51cd8bf1f9ab4548d307950735aa98e2dbda7aecc19b49d01a3b968824f6df2ffafce65e122c60</hash>
        <hash alg="SHA3-256">513392d0e8ddd873d04c5cf4f402a9cfe094413832bb859fe37b70fd0512dd12</hash>
        <hash alg="SHA3-512">3d2bd7d2eb784a9fab4b09c42adb0722363079235340f1915bb82a99f1c5e616ee8f3dc34d2c90b941d2651dcb4f393c7fea3e23b579456a696604148d10f22b</hash>
      </hashes>
      <licenses>
        <license>
          <id>Apache-2.0</id>
          <url>https://www.apache.org/licenses/LICENSE-2.0</url>
        </license>
      </licenses>
      <purl>pkg:maven/org.osgi/org.osgi.annotation.versioning@1.1.2?type=jar</purl>
      <externalReferences>
        <reference type="website">
          <url>https://docs.osgi.org/</url>
        </reference>
        <reference type="vcs">
          <url>https://github.com/osgi/osgi</url>
        </reference>
      </externalReferences>
    </component>
    <component type="library" bom-ref="pkg:maven/com.github.spotbugs/spotbugs-annotations@4.8.3?type=jar">
      <group>com.github.spotbugs</group>
      <name>spotbugs-annotations</name>
      <version>4.8.3</version>
      <description>Annotations the SpotBugs tool supports</description>
      <scope>required</scope>
      <hashes>
        <hash alg="MD5">cd5917b77643c3a7ba5420aea78f940c</hash>
        <hash alg="SHA-1">05d2dc4ca5b632976371155252499819aea372ed</hash>
        <hash alg="SHA-256">e5d4f60be8e57595766ba7f1d4535dc46aebf98dae05e16372a4d4120d3ebb6b</hash>
        <hash alg="SHA-512">1a64f6911a94654d440ce4918395af0cbdee79696acbcf727af79134b02e6be17956fffa8f39e05fa9e22e336041443eb31165b338164b48a1c70f947e66d68b</hash>
        <hash alg="SHA-384">6875428ea8454185df4ac50b6551f9d9ba7d9152083eec2ecc5046aa464767982abfe0733c258f2dfed9fc3f2ad68add</hash>
        <hash alg="SHA3-384">25422667753a299021150558bf094a6bd5a521a0b736d94866f807f3246b11a0574e9e480f85c7a894258979afdaedd4</hash>
        <hash alg="SHA3-256">116a3c20fdd3253ab1cfc1bdc95c8d4eb3c454b3f7d89af1d2b87bde4b890c88</hash>
        <hash alg="SHA3-512">0e9ee42600abe9496fedc2d82cd71e51fd05f26c0094c1710025d3931b79507a3502a9f9e83fddefeb6ed784123c7faa7251bd58368e78cdcc218481cd05045d</hash>
      </hashes>
      <licenses>
        <license>
          <id>LGPL-2.1-only</id>
        </license>
      </licenses>
      <purl>pkg:maven/com.github.spotbugs/spotbugs-annotations@4.8.3?type=jar</purl>
      <externalReferences>
        <reference type="website">
          <url>https://spotbugs.github.io/</url>
        </reference>
        <reference type="vcs">
          <url>https://github.com/spotbugs/spotbugs/</url>
        </reference>
      </externalReferences>
    </component>
    <component type="library" bom-ref="pkg:maven/com.google.code.findbugs/jsr305@3.0.2?type=jar">
      <group>com.google.code.findbugs</group>
      <name>jsr305</name>
      <version>3.0.2</version>
      <description>JSR305 Annotations for Findbugs</description>
      <scope>required</scope>
      <hashes>
        <hash alg="MD5">dd83accb899363c32b07d7a1b2e4ce40</hash>
        <hash alg="SHA-1">25ea2e8b0c338a877313bd4672d3fe056ea78f0d</hash>
        <hash alg="SHA-256">766ad2a0783f2687962c8ad74ceecc38a28b9f72a2d085ee438b7813e928d0c7</hash>
        <hash alg="SHA-512">bb09db62919a50fa5b55906013be6ca4fc7acb2e87455fac5eaf9ede2e41ce8bbafc0e5a385a561264ea4cd71bbbd3ef5a45e02d63277a201d06a0ae1636f804</hash>
        <hash alg="SHA-384">ca0b169d3eb2d0922dc031133a021f861a043bb3e405a88728215fd6ff00fa52fdc7347842dcc2031472e3726164bdc4</hash>
        <hash alg="SHA3-384">9903fd7505218999f8262efedb3d935d64bcef84aae781064ab5e1b24755466b269517cada562fa140cd1d417ede57a1</hash>
        <hash alg="SHA3-256">223fda9a89a461afaae73b177a2dc20ed4a90f2f8757f5c65f3241b0510f00ff</hash>
        <hash alg="SHA3-512">3996b5af57a5d5c6a0cd62b11773360fb051dd86a2ba968476806a2a5d32049b82d69a24a3c694e8fe4d735be6a28e41000cc500cc2a9fb577e058045855d2d6</hash>
      </hashes>
      <licenses>
        <license>
          <id>Apache-2.0</id>
        </license>
      </licenses>
      <purl>pkg:maven/com.google.code.findbugs/jsr305@3.0.2?type=jar</purl>
      <externalReferences>
        <reference type="website">
          <url>http://findbugs.sourceforge.net/</url>
        </reference>
        <reference type="distribution">
          <url>https://oss.sonatype.org/service/local/staging/deploy/maven2/</url>
        </reference>
        <reference type="vcs">
          <url>https://code.google.com/p/jsr-305/</url>
        </reference>
      </externalReferences>
    </component>
  </components>
  <dependencies>
    <dependency ref="pkg:maven/org.apache.logging.log4j/log4j-jakarta-smtp@2.23.0?type=jar">
      <dependency ref="pkg:maven/jakarta.activation/jakarta.activation-api@2.1.2?type=jar"/>
      <dependency ref="pkg:maven/jakarta.mail/jakarta.mail-api@2.1.2?type=jar"/>
      <dependency ref="pkg:maven/org.apache.logging.log4j/log4j-api@2.23.0?type=jar"/>
      <dependency ref="pkg:maven/org.apache.logging.log4j/log4j-core@2.23.0?type=jar"/>
      <dependency ref="pkg:maven/org.eclipse.angus/angus-activation@2.0.1?type=jar"/>
      <dependency ref="pkg:maven/org.eclipse.angus/jakarta.mail@2.0.2?type=jar"/>
      <dependency ref="pkg:maven/biz.aQute.bnd/biz.aQute.bnd.annotation@7.0.0?type=jar"/>
      <dependency ref="pkg:maven/com.google.errorprone/error_prone_annotations@2.24.1?type=jar"/>
      <dependency ref="pkg:maven/org.osgi/osgi.annotation@8.1.0?type=jar"/>
      <dependency ref="pkg:maven/org.osgi/org.osgi.annotation.bundle@2.0.0?type=jar"/>
      <dependency ref="pkg:maven/com.github.spotbugs/spotbugs-annotations@4.8.3?type=jar"/>
    </dependency>
    <dependency ref="pkg:maven/jakarta.activation/jakarta.activation-api@2.1.2?type=jar"/>
    <dependency ref="pkg:maven/jakarta.mail/jakarta.mail-api@2.1.2?type=jar">
      <dependency ref="pkg:maven/jakarta.activation/jakarta.activation-api@2.1.2?type=jar"/>
    </dependency>
    <dependency ref="pkg:maven/org.apache.logging.log4j/log4j-api@2.23.0?type=jar"/>
    <dependency ref="pkg:maven/org.apache.logging.log4j/log4j-core@2.23.0?type=jar">
      <dependency ref="pkg:maven/org.apache.logging.log4j/log4j-api@2.23.0?type=jar"/>
    </dependency>
    <dependency ref="pkg:maven/org.eclipse.angus/angus-activation@2.0.1?type=jar">
      <dependency ref="pkg:maven/jakarta.activation/jakarta.activation-api@2.1.2?type=jar"/>
    </dependency>
    <dependency ref="pkg:maven/org.eclipse.angus/jakarta.mail@2.0.2?type=jar">
      <dependency ref="pkg:maven/jakarta.activation/jakarta.activation-api@2.1.2?type=jar"/>
      <dependency ref="pkg:maven/org.eclipse.angus/angus-activation@2.0.1?type=jar"/>
    </dependency>
    <dependency ref="pkg:maven/biz.aQute.bnd/biz.aQute.bnd.annotation@7.0.0?type=jar">
      <dependency ref="pkg:maven/org.osgi/org.osgi.resource@1.0.0?type=jar"/>
      <dependency ref="pkg:maven/org.osgi/org.osgi.service.serviceloader@1.0.0?type=jar"/>
    </dependency>
    <dependency ref="pkg:maven/org.osgi/org.osgi.resource@1.0.0?type=jar"/>
    <dependency ref="pkg:maven/org.osgi/org.osgi.service.serviceloader@1.0.0?type=jar"/>
    <dependency ref="pkg:maven/com.google.errorprone/error_prone_annotations@2.24.1?type=jar"/>
    <dependency ref="pkg:maven/org.osgi/osgi.annotation@8.1.0?type=jar"/>
    <dependency ref="pkg:maven/org.osgi/org.osgi.annotation.bundle@2.0.0?type=jar">
      <dependency ref="pkg:maven/org.osgi/org.osgi.annotation.versioning@1.1.2?type=jar"/>
    </dependency>
    <dependency ref="pkg:maven/org.osgi/org.osgi.annotation.versioning@1.1.2?type=jar"/>
    <dependency ref="pkg:maven/com.github.spotbugs/spotbugs-annotations@4.8.3?type=jar">
      <dependency ref="pkg:maven/com.google.code.findbugs/jsr305@3.0.2?type=jar"/>
    </dependency>
    <dependency ref="pkg:maven/com.google.code.findbugs/jsr305@3.0.2?type=jar"/>
  </dependencies>
</bom>
